ds,y,lag_7,lag_14,lag_30,lag_60,rolling_7,rolling_30,dow,month,week,is_weekend,is_december
2022-03-02,5243.2,7520.64,6799.41,5003.87,8898.48,7590.155714285714,7049.055000000001,2,3,9,0,0
2022-03-03,7725.11,6909.33,9953.31,5293.61,6502.0199999999995,7264.807142857143,7057.032666666666,3,3,9,0,0
2022-03-04,4757.32,6129.47,5563.49,6051.51,6314.47,7381.347142857142,7138.082666666667,4,3,9,0,0
2022-03-05,4811.34,8578.6,6822.43,9271.21,6247.58,7185.325714285714,7094.942999999999,5,3,9,1,0
2022-03-06,7380.82,7557.57,9674.46,8711.79,7390.47,6647.145714285713,6946.280666666667,6,3,9,1,0
2022-03-07,4241.87,10085.48,5796.49,7035.7,7003.39,6621.895714285713,6901.914999999999,0,3,10,0,0
2022-03-08,7270.13,6350.0,5294.91,4887.02,8397.1,5787.094285714286,6808.787333333333,1,3,10,0,0
2022-03-09,3671.33,5243.2,7520.64,5700.2,9562.99,5918.541428571429,6888.224333333333,2,3,10,0,0
2022-03-10,5102.67,7725.11,6909.33,7479.400000000001,5900.48,5693.988571428571,6820.595333333334,3,3,10,0,0
2022-03-11,4851.71,4757.32,6129.47,6034.28,10959.44,5319.354285714285,6741.370999999999,4,3,10,0,0
2022-03-12,5833.42,4811.34,8578.6,7277.33,6839.63,5332.838571428571,6701.952,5,3,10,1,0
2022-03-13,3910.92,7380.82,7557.57,6152.83,8421.0,5478.849999999999,6653.821666666667,6,3,10,1,0
2022-03-14,6638.24,4241.87,10085.48,6125.85,9435.7,4983.150000000001,6579.091333333334,0,3,11,0,0
2022-03-15,6746.74,7270.13,6350.0,7175.0599999999995,6640.31,5325.488571428571,6596.171,1,3,11,0,0
2022-03-16,5089.91,3671.33,5243.2,7870.38,6962.26,5250.7185714285715,6581.893666666667,2,3,11,0,0
2022-03-17,4413.66,5102.67,7725.11,8366.02,6339.99,5453.372857142857,6489.211333333334,3,3,11,0,0
2022-03-18,5096.77,4851.71,4757.32,6799.41,4526.76,5354.942857142857,6357.466,4,3,11,0,0
2022-03-19,5915.47,5833.42,4811.34,9953.31,8358.01,5389.9514285714295,6300.711333333334,5,3,11,1,0
2022-03-20,5015.07,3910.92,7380.82,5563.49,9212.32,5401.672857142857,6166.116666666667,6,3,11,1,0
2022-03-21,5160.37,6638.24,4241.87,6822.43,7054.86,5559.408571428571,6147.835999999999,0,3,12,0,0
2022-03-22,5574.57,6746.74,7270.13,9674.46,6545.65,5348.284285714285,6092.433999999999,1,3,12,0,0
2022-03-23,6691.97,5089.91,3671.33,5796.49,6674.58,5180.831428571429,5955.771,2,3,12,0,0
2022-03-24,4913.78,4413.66,5102.67,5294.91,7053.52,5409.697142857143,5985.620333333333,3,3,12,0,0
2022-03-25,3446.71,5096.77,4851.71,7520.64,6462.13,5481.142857142857,5972.916,4,3,12,0,0
2022-03-26,7120.31,5915.47,5833.42,6909.33,9762.02,5245.42,5837.118333333333,5,3,12,1,0
2022-03-27,5090.03,5015.07,3910.92,6129.47,11252.210000000001,5417.54,5844.151,6,3,12,1,0
2022-03-28,6306.71,5160.37,6638.24,8578.6,6661.35,5428.248571428571,5809.503,0,3,13,0,0
2022-03-29,5946.61,5574.57,6746.74,7557.57,7527.17,5592.011428571428,5733.7733333333335,1,3,13,0,0
2022-03-30,5446.1,6691.97,5089.91,10085.48,7770.94,5645.159999999999,5680.074666666666,2,3,13,0,0
2022-03-31,5437.98,4913.78,4413.66,6350.0,6882.44,5467.178571428572,5525.428666666666,3,3,13,0,0
2022-04-01,3961.71,3446.71,5096.77,5243.2,5003.87,5542.064285714286,5495.028,4,4,13,0,0
2022-04-02,5989.12,7120.31,5915.47,7725.11,5293.61,5615.635714285714,5452.3116666666665,5,4,13,1,0
2022-04-03,4291.38,5090.03,5015.07,4757.32,6051.51,5454.037142857143,5394.445333333333,6,4,13,1,0
2022-04-04,5370.87,6306.71,5160.37,4811.34,9271.21,5339.944285714286,5378.914000000001,0,4,14,0,0
2022-04-05,5832.0,5946.61,5574.57,7380.82,8711.79,5206.252857142857,5397.5650000000005,1,4,14,0,0
2022-04-06,4147.14,5446.1,6691.97,4241.87,7035.7,5189.879999999999,5345.937666666667,2,4,14,0,0
2022-04-07,2521.73,5437.98,4913.78,7270.13,4887.02,5004.314285714286,5342.780000000001,3,4,14,0,0
2022-04-08,5325.87,3961.71,3446.71,3671.33,5700.2,4587.707142857143,5184.5,4,4,14,0,0
2022-04-09,5440.08,5989.12,7120.31,5102.67,7479.400000000001,4782.587142857143,5239.651333333332,5,4,14,1,0
2022-04-10,3387.85,4291.38,5090.03,4851.71,6034.28,4704.152857142857,5250.8983333333335,6,4,14,1,0
2022-04-11,4763.47,5370.87,6306.71,5833.42,7277.33,4575.077142857143,5202.103,0,4,15,0,0
2022-04-12,7407.99,5832.0,5946.61,3910.92,6152.83,4488.305714285714,5166.438,1,4,15,0,0
2022-04-13,4484.57,4147.14,5446.1,6638.24,6125.85,4713.447142857142,5283.007,2,4,15,0,0
2022-04-14,3817.31,2521.73,5437.98,6746.74,7175.0599999999995,4761.651428571428,5211.218,3,4,15,0,0
2022-04-15,4414.55,5325.87,3961.71,5089.91,7870.38,4946.734285714286,5113.570333333334,4,4,15,0,0
2022-04-16,5732.56,5440.08,5989.12,4413.66,8366.02,4816.545714285714,5091.058333333333,5,4,15,1,0
2022-04-17,5714.61,3387.85,4291.38,5096.77,6799.41,4858.328571428571,5135.0216666666665,6,4,15,1,0
2022-04-18,8257.13,4763.47,5370.87,5915.47,9953.31,5190.722857142857,5155.616333333334,0,4,16,0,0
2022-04-19,5901.02,7407.99,5832.0,5015.07,5563.49,5689.817142857143,5233.671666666667,1,4,16,0,0
2022-04-20,5087.75,4484.57,4147.14,5160.37,6822.43,5474.535714285715,5263.203333333334,2,4,16,0,0
2022-04-21,4704.21,3817.31,2521.73,5574.57,9674.46,5560.704285714286,5260.782666666667,3,4,16,0,0
2022-04-22,4617.84,4414.55,5325.87,6691.97,5796.49,5687.404285714286,5231.770666666666,4,4,16,0,0
2022-04-23,7226.77,5732.56,5440.08,4913.78,5294.91,5716.4457142857145,5162.633,5,4,16,1,0
2022-04-24,5444.87,5714.61,3387.85,3446.71,7520.64,5929.904285714286,5239.732666666667,6,4,16,1,0
2022-04-25,7780.19,8257.13,4763.47,7120.31,6909.33,5891.370000000001,5306.338000000001,0,4,17,0,0
2022-04-26,5434.82,5901.02,7407.99,5090.03,6129.47,5823.2357142857145,5328.334000000001,1,4,17,0,0
2022-04-27,6538.17,5087.75,4484.57,6306.71,8578.6,5756.635714285714,5339.827,2,4,17,0,0
2022-04-28,4585.9,4704.21,3817.31,5946.61,7557.57,5963.838571428571,5347.542333333333,3,4,17,0,0
2022-04-29,4906.52,4617.84,4414.55,5446.1,10085.48,5946.937142857142,5302.185333333333,4,4,17,0,0
2022-04-30,4385.91,7226.77,5732.56,5437.98,6350.0,5988.177142857143,5284.199333333334,5,4,17,1,0
2022-05-01,6568.98,5444.87,5714.61,3961.71,5243.2,5582.339999999999,5249.130333333333,6,5,17,1,0
2022-05-02,4999.14,7780.19,8257.13,5989.12,7725.11,5742.927142857143,5336.039333333333,0,5,18,0,0
2022-05-03,8660.35,5434.82,5901.02,4291.38,4757.32,5345.634285714286,5303.04,1,5,18,0,0
2022-05-04,5345.46,6538.17,5087.75,5370.87,4811.34,5806.424285714286,5448.672333333333,2,5,18,0,0
2022-05-05,4856.44,4585.9,4704.21,5832.0,7380.82,5636.037142857143,5447.825333333333,3,5,18,0,0
2022-05-06,8240.67,4906.52,4617.84,4147.14,4241.87,5674.685714285714,5415.306666666667,4,5,18,0,0
2022-05-07,7952.32,4385.91,7226.77,2521.73,7270.13,6150.992857142858,5551.757666666666,5,5,18,1,0
2022-05-08,7076.73,6568.98,5444.87,5325.87,3671.33,6660.4800000000005,5732.777333333333,6,5,18,1,0
2022-05-09,7037.9,4999.14,7780.19,5440.08,5102.67,6733.015714285714,5791.139333333334,0,5,19,0,0
2022-05-10,7331.28,8660.35,5434.82,3387.85,4851.71,7024.267142857143,5844.4,1,5,19,0,0
2022-05-11,6963.58,5345.46,6538.17,4763.47,5833.42,6834.4,5975.847666666667,2,5,19,0,0
2022-05-12,5513.59,4856.44,4585.9,7407.99,3910.92,7065.5599999999995,6049.184666666666,3,5,19,0,0
2022-05-13,5358.43,8240.67,4906.52,4484.57,6638.24,7159.43857142857,5986.038,4,5,19,0,0
2022-05-14,7029.53,7952.32,4385.91,3817.31,6746.74,6747.69,6015.166666666667,5,5,19,1,0
2022-05-15,5258.07,7076.73,6568.98,4414.55,5089.91,6615.862857142856,6122.240666666667,6,5,19,1,0
2022-05-16,5399.89,7037.9,4999.14,5732.56,4413.66,6356.054285714286,6150.357999999999,0,5,20,0,0
2022-05-17,3949.46,7331.28,8660.35,5714.61,5096.77,6122.052857142858,6139.269,1,5,20,0,0
2022-05-18,5911.53,6963.58,5345.46,8257.13,5915.47,5638.935714285714,6080.430666666666,2,5,20,0,0
2022-05-19,7614.39,5513.59,4856.44,5901.02,5015.07,5488.642857142857,6002.244,3,5,20,0,0
2022-05-20,5438.45,5358.43,8240.67,5087.75,5160.37,5788.757142857144,6059.356333333333,4,5,20,0,0
2022-05-21,6483.75,7029.53,7952.32,4704.21,5574.57,5800.188571428572,6071.046333333333,5,5,20,1,0
2022-05-22,6383.91,5258.07,7076.73,4617.84,6691.97,5722.219999999999,6130.364333333333,6,5,20,1,0
2022-05-23,6379.1,5399.89,7037.9,7226.77,4913.78,5883.054285714286,6189.233333333334,0,5,21,0,0
2022-05-24,7643.22,3949.46,7331.28,5444.87,3446.71,6022.941428571428,6160.977666666667,1,5,21,0,0
2022-05-25,7700.66,5911.53,6963.58,7780.19,7120.31,6550.621428571429,6234.255999999999,2,5,21,0,0
2022-05-26,8252.48,7614.39,5513.59,5434.82,5090.03,6806.211428571428,6231.605,3,5,21,0,0
2022-05-27,7893.19,5438.45,5358.43,6538.17,6306.71,6897.367142857142,6325.527,4,5,21,0,0
2022-05-28,5043.68,6483.75,7029.53,4585.9,5946.61,7248.044285714286,6370.694333333333,5,5,21,1,0
2022-05-29,6915.29,6383.91,5258.07,4906.52,5446.1,7042.320000000001,6385.953666666667,6,5,21,1,0
2022-05-30,4072.46,6379.1,5399.89,4385.91,5437.98,7118.231428571428,6452.912666666666,0,5,22,0,0
2022-05-31,7092.5,7643.22,3949.46,6568.98,3961.71,6788.711428571429,6442.464333333334,1,5,22,0,0
2022-06-01,4431.96,7700.66,5911.53,4999.14,5989.12,6710.037142857143,6459.915,2,6,22,0,0
2022-06-02,3888.14,8252.48,7614.39,8660.35,4291.38,6243.080000000001,6441.009,3,6,22,0,0
2022-06-03,8390.76,7893.19,5438.45,5345.46,5370.87,5619.602857142857,6281.935333333333,4,6,22,0,0
2022-06-04,4535.68,5043.68,6483.75,4856.44,5832.0,5690.684285714286,6383.445333333333,5,6,22,1,0
2022-06-05,7044.15,6915.29,6383.91,8240.67,4147.14,5618.112857142857,6372.753333333332,6,6,22,1,0
2022-06-06,6642.68,4072.46,6379.1,7952.32,2521.73,5636.521428571429,6332.869333333334,0,6,23,0,0
2022-06-07,7940.4,7092.5,7643.22,7076.73,5325.87,6003.6957142857145,6289.214666666667,1,6,23,0,0
2022-06-08,6396.68,4431.96,7700.66,7037.9,5440.08,6124.824285714286,6318.0036666666665,2,6,23,0,0
2022-06-09,5538.45,3888.14,8252.48,7331.28,3387.85,6405.498571428572,6296.629666666666,3,6,23,0,0
2022-06-10,6047.34,8390.76,7893.19,6963.58,4763.47,6641.257142857144,6236.868666666666,4,6,23,0,0
2022-06-11,8155.2,4535.68,5043.68,5513.59,7407.99,6306.482857142857,6206.327333333334,5,6,23,1,0
2022-06-12,6697.67,7044.15,6915.29,5358.43,4484.57,6823.557142857143,6294.381,6,6,23,1,0
2022-06-13,7410.72,6642.68,4072.46,7029.53,3817.31,6774.0599999999995,6339.022333333332,0,6,24,0,0
2022-06-14,5212.47,7940.4,7092.5,5258.07,4414.55,6883.78,6351.728666666666,1,6,24,0,0
2022-06-15,4218.19,6396.68,4431.96,5399.89,5732.56,6494.075714285714,6350.208666666667,2,6,24,0,0
2022-06-16,8663.45,5538.45,3888.14,3949.46,5714.61,6182.862857142857,6310.818666666667,3,6,24,0,0
2022-06-17,5347.97,6047.34,8390.76,5911.53,8257.13,6629.291428571429,6467.951666666667,4,6,24,0,0
2022-06-18,6388.65,8155.2,4535.68,7614.39,5901.02,6529.38142857143,6449.166333333334,5,6,24,1,0
2022-06-19,5285.65,6697.67,7044.15,5438.45,5087.75,6277.017142857143,6408.308333333333,6,6,24,1,0
2022-06-20,7459.67,7410.72,6642.68,6483.75,4704.21,6075.3,6403.215,0,6,25,0,0
2022-06-21,5702.29,5212.47,7940.4,6383.91,4617.84,6082.292857142857,6435.745666666668,1,6,25,0,0
2022-06-22,7922.45,4218.19,6396.68,6379.1,7226.77,6152.267142857142,6413.025,2,6,25,0,0
2022-06-23,4794.82,8663.45,5538.45,7643.22,5444.87,6681.447142857143,6464.47,3,6,25,0,0
2022-06-24,6243.17,5347.97,6047.34,7700.66,7780.19,6128.785714285715,6369.5233333333335,4,6,25,0,0
2022-06-25,5642.76,6388.65,8155.2,8252.48,5434.82,6256.671428571428,6320.940333333333,5,6,25,1,0
2022-06-26,6630.2,5285.65,6697.67,7893.19,6538.17,6150.115714285714,6233.949666666666,6,6,25,1,0
2022-06-27,7097.03,7459.67,7410.72,5043.68,4585.9,6342.194285714286,6191.85,0,6,26,0,0
2022-06-28,5542.8,5702.29,5212.47,6915.29,4906.52,6290.388571428571,6260.294999999999,1,6,26,0,0
2022-06-29,8017.78,7922.45,4218.19,4072.46,4385.91,6267.604285714285,6214.5453333333335,2,6,26,0,0
2022-06-30,5726.83,4794.82,8663.45,7092.5,6568.98,6281.222857142857,6346.056,3,6,26,0,0
2022-07-01,7583.29,6243.17,5347.97,4431.96,4999.14,6414.367142857142,6300.533666666666,4,7,26,0,0
2022-07-02,6180.1,5642.76,6388.65,3888.14,8660.35,6605.812857142858,6405.5779999999995,5,7,26,1,0
2022-07-03,3807.83,6630.2,5285.65,8390.76,5345.46,6682.575714285714,6481.976666666667,6,7,26,1,0
2022-07-04,6253.32,7097.03,7459.67,4535.68,4856.44,6279.38,6329.212333333333,0,7,27,0,0
2022-07-05,5021.24,5542.8,5702.29,7044.15,8240.67,6158.85,6386.467000000001,1,7,27,0,0
2022-07-06,4054.46,8017.78,7922.45,6642.68,7952.32,6084.341428571429,6319.036666666666,2,7,27,0,0
2022-07-07,6782.08,5726.83,4794.82,7940.4,7076.73,5518.152857142857,6232.7626666666665,3,7,27,0,0
2022-07-08,5052.68,7583.29,6243.17,6396.68,7037.9,5668.902857142857,6194.152,4,7,27,0,0
2022-07-09,6545.99,6180.1,5642.76,5538.45,7331.28,5307.387142857143,6149.352,5,7,27,1,0
2022-07-10,5190.7,3807.83,6630.2,6047.34,6963.58,5359.657142857142,6182.9366666666665,6,7,27,1,0
2022-07-11,4418.94,6253.32,7097.03,8155.2,5513.59,5557.21,6154.382,0,7,28,0,0
2022-07-12,3551.31,5021.24,5542.8,6697.67,5358.43,5295.155714285714,6029.839999999999,1,7,28,0,0
2022-07-13,5084.82,4054.46,8017.78,7410.72,7029.53,5085.165714285714,5924.961333333334,2,7,28,0,0
2022-07-14,6211.21,6782.08,5726.83,5212.47,5258.07,5232.360000000001,5847.431333333333,3,7,28,0,0
2022-07-15,6084.14,5052.68,7583.29,4218.19,5399.89,5150.807142857143,5880.722666666667,4,7,28,0,0
2022-07-16,6382.17,6545.99,6180.1,8663.45,3949.46,5298.158571428571,5942.921,5,7,28,1,0
2022-07-17,5415.19,5190.7,3807.83,5347.97,5911.53,5274.755714285714,5866.878333333332,6,7,28,1,0
2022-07-18,5062.26,4418.94,6253.32,6388.65,7614.39,5306.825714285714,5869.119,0,7,29,0,0
2022-07-19,4270.72,3551.31,5021.24,5285.65,5438.45,5398.728571428571,5824.906,1,7,29,0,0
2022-07-20,5169.47,5084.82,4054.46,7459.67,6483.75,5501.501428571429,5791.075,2,7,29,0,0
2022-07-21,5694.2,6211.21,6782.08,5702.29,6383.91,5513.594285714286,5714.735,3,7,29,0,0
2022-07-22,4840.57,6084.14,5052.68,7922.45,6379.1,5439.7357142857145,5714.4653333333345,4,7,29,0,0
2022-07-23,5174.65,6382.17,6545.99,4794.82,7643.22,5262.082857142857,5611.736,5,7,29,1,0
2022-07-24,4790.19,5415.19,5190.7,6243.17,7700.66,5089.58,5624.396999999999,6,7,29,1,0
2022-07-25,4443.28,5062.26,4418.94,5642.76,8252.48,5000.294285714285,5575.964333333333,0,7,30,0,0
2022-07-26,6019.54,4270.72,3551.31,6630.2,7893.19,4911.868571428572,5535.981666666666,1,7,30,0,0
2022-07-27,5943.44,5169.47,5084.82,7097.03,5043.68,5161.699999999999,5515.626333333334,2,7,30,0,0
2022-07-28,6932.07,5694.2,6211.21,5542.8,6915.29,5272.267142857142,5477.173333333334,3,7,30,0,0
2022-07-29,6498.06,4840.57,6084.14,8017.78,4072.46,5449.105714285714,5523.482333333333,4,7,30,0,0
2022-07-30,3587.8,5174.65,6382.17,5726.83,7092.5,5685.889999999999,5472.825,5,7,30,1,0
2022-07-31,7109.22,4790.19,5415.19,7583.29,4431.96,5459.197142857142,5401.524,6,7,30,1,0
2022-08-01,6854.64,4443.28,5062.26,6180.1,3888.14,5790.487142857143,5385.721666666666,0,8,31,0,0
2022-08-02,4409.65,6019.54,4270.72,3807.83,8390.76,6134.967142857144,5408.2063333333335,1,8,31,0,0
2022-08-03,6231.29,5943.44,5169.47,6253.32,4535.68,5904.982857142858,5428.267000000001,2,8,31,0,0
2022-08-04,5683.63,6932.07,5694.2,5021.24,7044.15,5946.104285714287,5427.532666666667,3,8,31,0,0
2022-08-05,7388.26,6498.06,4840.57,4054.46,6642.68,5767.755714285714,5449.6123333333335,4,8,31,0,0
2022-08-06,4978.04,3587.8,5174.65,6782.08,7940.4,5894.927142857144,5560.739,5,8,31,1,0
2022-08-07,7214.48,7109.22,4790.19,5052.68,6396.68,6093.532857142857,5500.604333333334,6,8,31,1,0
2022-08-08,6733.93,6854.64,4443.28,6545.99,5538.45,6108.57,5572.664333333334,0,8,32,0,0
2022-08-09,4734.25,4409.65,6019.54,5190.7,6047.34,6091.325714285714,5578.929,1,8,32,0,0
2022-08-10,6326.35,6231.29,5943.44,4418.94,8155.2,6137.697142857142,5563.714000000001,2,8,32,0,0
2022-08-11,5454.02,5683.63,6932.07,3551.31,6697.67,6151.277142857142,5627.294333333334,3,8,32,0,0
2022-08-12,6652.61,7388.26,6498.06,5084.82,7410.72,6118.475714285714,5690.718,4,8,32,0,0
2022-08-13,6817.47,4978.04,3587.8,6211.21,5212.47,6013.382857142858,5742.977666666667,5,8,32,1,0
2022-08-14,6543.58,7214.48,7109.22,6084.14,4218.19,6276.158571428571,5763.186333333333,6,8,32,1,0
2022-08-15,4979.82,6733.93,6854.64,6382.17,8663.45,6180.315714285714,5778.501,0,8,33,0,0
2022-08-16,5502.53,4734.25,4409.65,5415.19,5347.97,5929.728571428571,5731.756,1,8,33,0,0
2022-08-17,6277.26,6326.35,6231.29,5062.26,6388.65,6039.482857142858,5734.667333333334,2,8,33,0,0
2022-08-18,5721.71,5454.02,5683.63,4270.72,5285.65,6032.47,5775.167333333333,3,8,33,0,0
2022-08-19,5168.69,6652.61,7388.26,5169.47,7459.67,6070.711428571428,5823.533666666667,4,8,33,0,0
2022-08-20,4831.93,6817.47,4978.04,5694.2,5702.29,5858.722857142857,5823.507666666666,5,8,33,1,0
2022-08-21,5344.57,6543.58,7214.48,4840.57,7922.45,5575.074285714285,5794.765333333333,6,8,33,1,0
2022-08-22,5751.88,4979.82,6733.93,5174.65,4794.82,5403.7871428571425,5811.565333333334,0,8,34,0,0
2022-08-23,4689.11,5502.53,4734.25,4790.19,6243.17,5514.081428571429,5830.806333333333,1,8,34,0,0
2022-08-24,4859.41,6277.26,6326.35,4443.28,5642.76,5397.878571428571,5827.437000000001,2,8,34,0,0
2022-08-25,4933.29,5721.71,5454.02,6019.54,6630.2,5195.328571428571,5841.308000000001,3,8,34,0,0
2022-08-26,5652.34,5168.69,6652.61,5943.44,7097.03,5082.697142857142,5805.099666666666,4,8,34,0,0
2022-08-27,5909.73,4831.93,6817.47,6932.07,5542.8,5151.79,5795.396333333334,5,8,34,1,0
2022-08-28,5071.87,5344.57,6543.58,6498.06,8017.78,5305.761428571429,5761.318333333333,6,8,34,1,0
2022-08-29,3108.16,5751.88,4979.82,3587.8,5726.83,5266.8042857142855,5713.778666666666,0,8,35,0,0
2022-08-30,5610.37,4689.11,5502.53,7109.22,7583.29,4889.129999999999,5697.790666666667,1,8,35,0,0
2022-08-31,4401.9,4859.41,6277.26,6854.64,6180.1,5020.738571428571,5647.829,2,8,35,0,0
2022-09-01,6933.61,4933.29,5721.71,4409.65,3807.83,4955.38,5566.071,3,9,35,0,0
2022-09-02,6491.2,5652.34,5168.69,6231.29,6253.32,5241.139999999999,5650.2029999999995,4,9,35,0,0
2022-09-03,5045.42,5909.73,4831.93,5683.63,5021.24,5360.977142857142,5658.866666666667,5,9,35,1,0
2022-09-04,6094.14,5071.87,5344.57,7388.26,4054.46,5237.504285714285,5637.592999999999,6,9,35,1,0
2022-09-05,5358.89,3108.16,5751.88,4978.04,6782.08,5383.5428571428565,5594.455666666667,0,9,36,0,0
2022-09-06,5428.26,5610.37,4689.11,7214.48,5052.68,5705.075714285714,5607.150666666666,1,9,36,0,0
2022-09-07,6833.86,4401.9,4859.41,6733.93,6545.99,5679.0599999999995,5547.61,2,9,36,0,0
2022-09-08,6594.09,6933.61,4933.29,4734.25,5190.7,6026.482857142857,5550.941,3,9,36,0,0
2022-09-09,6044.33,6491.2,5652.34,6326.35,4418.94,5977.9800000000005,5612.935666666667,4,9,36,0,0
2022-09-10,7364.12,5045.42,5909.73,5454.02,3551.31,5914.141428571428,5603.535,5,9,36,1,0
2022-09-11,6763.14,6094.14,5071.87,6652.61,5084.82,6245.384285714286,5667.205,6,9,36,1,0
2022-09-12,5417.0,5358.89,3108.16,6817.47,6211.21,6340.955714285715,5670.889333333334,0,9,37,0,0
2022-09-13,7326.83,5428.26,5610.37,6543.58,6084.14,6349.257142857144,5624.207,1,9,37,0,0
2022-09-14,5103.69,6833.86,4401.9,4979.82,6382.17,6620.481428571429,5650.315333333333,2,9,37,0,0
2022-09-15,4216.84,6594.09,6933.61,5502.53,5415.19,6373.314285714286,5654.444333333333,3,9,37,0,0
2022-09-16,4322.28,6044.33,6491.2,6277.26,5062.26,6033.7071428571435,5611.588,4,9,37,0,0
2022-09-17,5171.74,7364.12,5045.42,5721.71,4270.72,5787.7,5546.4220000000005,5,9,37,1,0
2022-09-18,9046.03,6763.14,6094.14,5168.69,5169.47,5474.502857142857,5528.089666666666,6,9,37,1,0
2022-09-19,5338.429999999999,5417.0,5358.89,4831.93,5694.2,5800.63,5657.334333333334,0,9,38,0,0
2022-09-20,5726.89,7326.83,5428.26,5344.57,4840.57,5789.405714285714,5674.217666666666,1,9,38,0,0
2022-09-21,3962.66,5103.69,6833.86,5751.88,5174.65,5560.842857142857,5686.961666666667,2,9,38,0,0
2022-09-22,3692.91,4216.84,6594.09,4689.11,4790.19,5397.838571428571,5627.321,3,9,38,0,0
2022-09-23,3647.7200000000003,4322.28,6044.33,4859.41,4443.28,5322.9914285714285,5594.114333333333,4,9,38,0,0
2022-09-24,4302.46,5171.74,7364.12,4933.29,6019.54,5226.625714285714,5553.724666666666,5,9,38,1,0
2022-09-25,7464.73,9046.03,6763.14,5652.34,5943.44,5102.442857142858,5532.697,6,9,38,1,0
2022-09-26,5727.0,5338.429999999999,5417.0,5909.73,6932.07,4876.542857142857,5593.11,0,9,39,0,0
2022-09-27,3850.13,5726.89,7326.83,5071.87,6498.06,4932.052857142857,5587.019,1,9,39,0,0
2022-09-28,5468.7699999999995,3962.66,5103.69,3108.16,3587.8,4663.944285714286,5546.294333333334,2,9,39,0,0
2022-09-29,5947.9,3692.91,4216.84,5610.37,7109.22,4879.102857142857,5624.981333333333,3,9,39,0,0
2022-09-30,7891.79,3647.7200000000003,4322.28,4401.9,6854.64,5201.244285714286,5636.232333333333,4,9,39,0,0
2022-10-01,4495.82,4302.46,5171.74,6933.61,4409.65,5807.54,5752.562,5,10,39,1,0
2022-10-02,5429.28,7464.73,9046.03,6491.2,6231.29,5835.162857142857,5671.302333333334,6,10,39,1,0
2022-10-03,4402.45,5727.0,5338.429999999999,5045.42,5683.63,5544.384285714286,5635.905,0,10,40,0,0
2022-10-04,4412.22,3850.13,5726.89,6094.14,7388.26,5355.162857142857,5614.472666666667,1,10,40,0,0
2022-10-05,5301.68,5468.7699999999995,3962.66,5358.89,4978.04,5435.461428571428,5558.408666666666,2,10,40,0,0
2022-10-06,5234.16,5947.9,3692.91,5428.26,7214.48,5411.591428571429,5556.501666666667,3,10,40,0,0
2022-10-07,5288.38,7891.79,3647.7200000000003,6833.86,6733.93,5309.628571428571,5550.031666666666,4,10,40,0,0
2022-10-08,5270.37,4495.82,4302.46,6594.09,4734.25,4937.712857142857,5498.515666666667,5,10,40,1,0
2022-10-09,5874.9,5429.28,7464.73,6044.33,6326.35,5048.362857142857,5454.391666666666,6,10,40,1,0
2022-10-10,4975.75,4402.45,5727.0,7364.12,5454.02,5112.022857142858,5448.744000000001,0,10,41,0,0
2022-10-11,4185.66,4412.22,3850.13,6763.14,6652.61,5193.922857142857,5369.131666666667,1,10,41,0,0
2022-10-12,5066.03,5301.68,5468.7699999999995,5417.0,6817.47,5161.557142857142,5283.215666666666,2,10,41,0,0
2022-10-13,4171.04,5234.16,5947.9,7326.83,6543.58,5127.892857142857,5271.516666666666,3,10,41,0,0
2022-10-14,5444.54,5288.38,7891.79,5103.69,4979.82,4976.018571428572,5166.323666666666,4,10,41,0,0
2022-10-15,4858.05,5270.37,4495.82,4216.84,5502.53,4998.327142857143,5177.685333333333,5,10,41,1,0
2022-10-16,5606.59,5874.9,5429.28,4322.28,6277.26,4939.424285714286,5199.058999999999,6,10,41,1,0
2022-10-17,3886.43,4975.75,4402.45,5171.74,5721.71,4901.094285714286,5241.869333333334,0,10,42,0,0
2022-10-18,4035.16,4185.66,4412.22,9046.03,5168.69,4745.477142857142,5199.025666666667,1,10,42,0,0
2022-10-19,5659.74,5066.03,5301.68,5338.429999999999,4831.93,4723.977142857142,5031.996666666667,2,10,42,0,0
2022-10-20,3302.33,4171.04,5234.16,5726.89,5344.57,4808.792857142857,5042.706999999999,3,10,42,0,0
2022-10-21,4081.34,5444.54,5288.38,3962.66,5751.88,4684.691428571428,4961.888333333333,4,10,42,0,0
2022-10-22,6580.38,4858.05,5270.37,3692.91,4689.11,4489.948571428571,4965.844333333333,5,10,42,1,0
2022-10-23,4040.5099999999998,5606.59,5874.9,3647.7200000000003,4859.41,4735.995714285715,5062.093333333333,6,10,42,1,0
2022-10-24,7882.6900000000005,3886.43,4975.75,4302.46,4933.29,4512.2699999999995,5075.186333333333,0,10,43,0,0
2022-10-25,5351.71,4035.16,4185.66,7464.73,5652.34,5083.164285714286,5194.527333333333,1,10,43,0,0
2022-10-26,5779.93,5659.74,5066.03,5727.0,5909.73,5271.242857142856,5124.093333333333,2,10,43,0,0
2022-10-27,5185.81,3302.33,4171.04,3850.13,5071.87,5288.412857142857,5125.857666666666,3,10,43,0,0
2022-10-28,5780.58,4081.34,5444.54,5468.7699999999995,3108.16,5557.481428571429,5170.3803333333335,4,10,43,0,0
2022-10-29,4118.99,6580.38,4858.05,5947.9,5610.37,5800.2300000000005,5180.774,5,10,43,1,0
2022-10-30,4701.61,4040.5099999999998,5606.59,7891.79,4401.9,5448.602857142857,5119.810333333333,6,10,43,1,0
2022-10-31,6006.11,7882.6900000000005,3886.43,4495.82,6933.61,5543.045714285714,5013.4710000000005,0,10,44,0,0
2022-11-01,1894.31,5351.71,4035.16,5429.28,6491.2,5274.9628571428575,5063.813999999999,1,11,44,0,0
2022-11-02,3579.9,5779.93,5659.74,4402.45,5045.42,4781.0485714285705,4945.981666666666,2,11,44,0,0
2022-11-03,2336.9900000000002,5185.81,3302.33,4412.22,6094.14,4466.7585714285715,4918.563333333334,3,11,44,0,0
2022-11-04,2418.82,5780.58,4081.34,5301.68,5358.89,4059.784285714286,4849.389,4,11,44,0,0
2022-11-05,2090.69,4118.99,6580.38,5234.16,5428.26,3579.532857142857,4753.2936666666665,5,11,44,1,0
2022-11-06,3612.19,4701.61,4040.5099999999998,5288.38,6833.86,3289.775714285714,4648.511333333334,6,11,44,1,0
2022-11-07,1477.97,6006.11,7882.6900000000005,5270.37,6594.09,3134.144285714286,4592.638333333333,0,11,45,0,0
2022-11-08,2999.91,1894.31,5351.71,5874.9,6044.33,2487.2671428571425,4466.225,1,11,45,0,0
2022-11-09,3173.53,3579.9,5779.93,4975.75,7364.12,2645.21,4370.392000000001,2,11,45,0,0
2022-11-10,1591.01,2336.9900000000002,5185.81,4185.66,6763.14,2587.157142857143,4310.318,3,11,45,0,0
2022-11-11,3485.63,2418.82,5780.58,5066.03,5417.0,2480.5885714285714,4223.8296666666665,4,11,45,0,0
2022-11-12,4699.86,2090.69,4118.99,4171.04,7326.83,2632.9900000000002,4171.149666666667,5,11,45,1,0
2022-11-13,2705.7599999999998,3612.19,4701.61,5444.54,5103.69,3005.7285714285713,4188.777,6,11,45,1,0
2022-11-14,2712.11,1477.97,6006.11,4858.05,4216.84,2876.2385714285715,4097.484333333333,0,11,46,0,0
2022-11-15,1906.64,2999.91,1894.31,5606.59,4322.28,3052.5442857142853,4025.953,1,11,46,0,0
2022-11-16,3819.71,3173.53,3579.9,3886.43,5171.74,2896.362857142857,3902.6213333333335,2,11,46,0,0
2022-11-17,2859.7599999999998,1591.01,2336.9900000000002,4035.16,9046.03,2988.674285714286,3900.397333333334,3,11,46,0,0
2022-11-18,4553.35,3485.63,2418.82,5659.74,5338.429999999999,3169.9242857142854,3861.2173333333335,4,11,46,0,0
2022-11-19,2289.51,4699.86,2090.69,3302.33,5726.89,3322.4557142857143,3824.337666666667,5,11,46,1,0
2022-11-20,1718.91,2705.7599999999998,3612.19,4081.34,3962.66,2978.1200000000003,3790.5769999999998,6,11,46,1,0
2022-11-21,2964.19,2712.11,1477.97,6580.38,3692.91,2837.1414285714286,3711.8293333333336,0,11,47,0,0
2022-11-22,1825.44,1906.64,2999.91,4040.5099999999998,3647.7200000000003,2873.1528571428576,3591.2896666666666,1,11,47,0,0
2022-11-23,2362.17,3819.71,3173.53,7882.6900000000005,4302.46,2861.552857142857,3517.4539999999997,2,11,47,0,0
2022-11-24,3380.16,2859.7599999999998,1591.01,5351.71,7464.73,2653.3328571428574,3333.436666666667,3,11,47,0,0
2022-11-25,1443.17,4553.35,3485.63,5779.93,5727.0,2727.675714285714,3267.7183333333332,4,11,47,0,0
2022-11-26,2814.93,2289.51,4699.86,5185.81,3850.13,2283.364285714286,3123.1596666666665,5,11,47,1,0
2022-11-27,2022.3,1718.91,2705.7599999999998,5780.58,5468.7699999999995,2358.424285714286,3044.1303333333335,6,11,47,1,0
2022-11-28,3349.11,2964.19,2712.11,4118.99,5947.9,2401.7657142857142,2918.8543333333337,0,11,48,0,0
2022-11-29,3943.48,1825.44,1906.64,4701.61,7891.79,2456.7542857142857,2893.1916666666666,1,11,48,0,0
2022-11-30,3251.91,2362.17,3819.71,6006.11,4495.82,2759.3314285714287,2867.9206666666664,2,11,48,0,0
2022-12-01,1718.54,3380.16,2859.7599999999998,1894.31,5429.28,2886.437142857143,2776.1140000000005,3,12,48,0,1
2022-12-02,1628.36,1443.17,4553.35,3579.9,4402.45,2649.0628571428574,2770.2549999999997,4,12,48,0,1
2022-12-03,1788.58,2814.93,2289.51,2336.9900000000002,4412.22,2675.5185714285712,2705.203666666667,5,12,48,1,1
2022-12-04,1161.1399999999999,2022.3,1718.91,2418.82,5301.68,2528.8971428571426,2686.923333333333,6,12,48,1,1
2022-12-05,2528.16,3349.11,2964.19,2090.69,5234.16,2405.8742857142856,2645.000666666667,0,12,49,0,1
2022-12-06,2196.68,3943.48,1825.44,3612.19,5288.38,2288.595714285714,2659.583,1,12,49,0,1
2022-12-07,1578.7,3251.91,2362.17,1477.97,5270.37,2039.052857142857,2612.3993333333333,2,12,49,0,1
2022-12-08,1326.76,1718.54,3380.16,2999.91,5874.9,1800.0228571428568,2615.7569999999996,3,12,49,0,1
2022-12-09,1006.14,1628.36,1443.17,3173.53,4975.75,1744.0542857142857,2559.985333333333,4,12,49,0,1
2022-12-10,1014.88,1788.58,2814.93,1591.01,4185.66,1655.1657142857143,2487.739,5,12,49,1,1
2022-12-11,900.4300000000001,1161.1399999999999,2022.3,3485.63,5066.03,1544.6371428571426,2468.534666666667,6,12,49,1,1
2022-12-12,1044.47,2528.16,3349.11,4699.86,4171.04,1507.392857142857,2382.3613333333333,0,12,50,0,1
2022-12-13,2190.77,2196.68,3943.48,2705.7599999999998,5444.54,1295.4371428571428,2260.515,1,12,50,0,1
2022-12-14,837.16,1578.7,3251.91,2712.11,4858.05,1294.5928571428572,2243.3486666666668,2,12,50,0,1
2022-12-15,1817.76,1326.76,1718.54,1906.64,5606.59,1188.6585714285716,2180.8503333333333,3,12,50,0,1
2022-12-16,1344.8799999999999,1006.14,1628.36,3819.71,3886.43,1258.8014285714287,2177.887666666667,4,12,50,0,1
2022-12-17,1494.58,1014.88,1788.58,2859.7599999999998,4035.16,1307.1928571428573,2095.3933333333334,5,12,50,1,1
2022-12-18,993.24,900.4300000000001,1161.1399999999999,4553.35,5659.74,1375.7214285714285,2049.8873333333336,6,12,50,1,1
2022-12-19,1634.7,1044.47,2528.16,2289.51,3302.33,1388.98,1931.217,0,12,51,0,1
2022-12-20,1913.78,2190.77,2196.68,1718.91,4081.34,1473.2985714285714,1909.3899999999999,1,12,51,0,1
2022-12-21,1658.33,837.16,1578.7,2964.19,6580.38,1433.7285714285715,1915.8856666666663,2,12,51,0,1
2022-12-22,745.54,1817.76,1326.76,1825.44,4040.5099999999998,1551.0385714285715,1872.357,3,12,51,0,1
2022-12-23,1452.0,1344.8799999999999,1006.14,2362.17,7882.6900000000005,1397.8642857142856,1836.3603333333333,4,12,51,0,1
2022-12-24,926.5,1494.58,1014.88,3380.16,5351.71,1413.1671428571428,1806.0213333333334,5,12,51,1,1
2022-12-25,1007.36,993.24,900.4300000000001,1443.17,5779.93,1332.0128571428572,1724.2326666666665,6,12,51,1,1
2022-12-26,1478.98,1634.7,1044.47,2814.93,5185.81,1334.03,1709.7056666666665,0,12,52,0,1
2022-12-27,1082.79,1913.78,2190.77,2022.3,5780.58,1311.7842857142857,1665.174,1,12,52,0,1
2022-12-28,1090.56,1658.33,837.16,3349.11,4118.99,1193.0714285714287,1633.857,2,12,52,0,1
2022-12-29,797.21,745.54,1817.76,3943.48,4701.61,1111.9614285714285,1558.5720000000001,3,12,52,0,1
2022-12-30,1455.85,1452.0,1344.8799999999999,3251.91,6006.11,1119.3428571428572,1453.6963333333333,4,12,52,0,1
2022-12-31,758.97,926.5,1494.58,1718.54,1894.31,1119.892857142857,1393.8276666666668,5,12,52,1,1
2023-01-01,6430.56,1007.36,993.24,1628.36,3579.9,1095.9599999999998,1361.842,6,1,52,1,0
2023-01-02,6975.59,1478.98,1634.7,1788.58,2336.9900000000002,1870.702857142857,1521.9153333333334,0,1,1,0,0
2023-01-03,8375.67,1082.79,1913.78,1161.1399999999999,2418.82,2655.932857142857,1694.8156666666666,1,1,1,0,0
2023-01-04,7874.39,1090.56,1658.33,2528.16,2090.69,3697.772857142857,1935.3,2,1,1,0,0
2023-01-05,6892.76,797.21,745.54,2196.68,3612.19,4666.891428571428,2113.5076666666664,3,1,1,0,0
2023-01-06,6856.12,1455.85,1452.0,1578.7,1477.97,5537.684285714286,2270.0436666666665,4,1,1,0,0
2023-01-07,6830.57,758.97,926.5,1326.76,2999.91,6309.151428571428,2445.957666666667,5,1,1,1,0
2023-01-08,6294.03,6430.56,1007.36,1006.14,3173.53,7176.522857142858,2629.4179999999997,6,1,1,1,0
2023-01-09,5879.62,6975.59,1478.98,1014.88,1591.01,7157.018571428572,2805.6809999999996,0,1,2,0,0
2023-01-10,8617.93,8375.67,1082.79,900.4300000000001,3485.63,7000.451428571428,2967.839,1,1,2,0,0
2023-01-11,8049.6900000000005,7874.39,1090.56,1044.47,4699.86,7035.0599999999995,3225.089,2,1,2,0,0
2023-01-12,6983.42,6892.76,797.21,2190.77,2705.7599999999998,7060.102857142857,3458.5963333333334,3,1,2,0,0
2023-01-13,7939.48,6856.12,1455.85,837.16,2712.11,7073.0542857142855,3618.351333333333,4,1,2,0,0
2023-01-14,8676.78,6830.57,758.97,1817.76,1906.64,7227.82,3855.095333333333,5,1,2,1,0
2023-01-15,4219.48,6294.03,6430.56,1344.8799999999999,3819.71,7491.564285714286,4083.7293333333337,6,1,2,1,0
2023-01-16,7488.44,5879.62,6975.59,1494.58,2859.7599999999998,7195.199999999999,4179.549333333333,0,1,3,0,0
2023-01-17,7406.18,8617.93,8375.67,993.24,4553.35,7425.0314285714285,4379.344666666667,1,1,3,0,0
2023-01-18,5014.99,8049.6900000000005,7874.39,1634.7,2289.51,7251.924285714286,4593.109333333333,2,1,3,0,0
2023-01-19,5764.15,6983.42,6892.76,1913.78,1718.91,6818.395714285713,4705.785666666666,3,1,3,0,0
2023-01-20,7019.18,7939.48,6856.12,1658.33,2964.19,6644.214285714285,4834.131333333334,4,1,3,0,0
2023-01-21,5082.78,8676.78,6830.57,745.54,1825.44,6512.742857142856,5012.826333333333,5,1,3,1,0
2023-01-22,5605.01,4219.48,6294.03,1452.0,2362.17,5999.314285714286,5157.401,6,1,3,1,0
2023-01-23,6825.81,7488.44,5879.62,926.5,3380.16,6197.247142857143,5295.834666666666,0,1,4,0,0
2023-01-24,7619.68,7406.18,8617.93,1007.36,1443.17,6102.585714285714,5492.4783333333335,1,1,4,0,0
2023-01-25,7627.5199999999995,5014.99,8049.6900000000005,1478.98,2814.93,6133.085714285714,5712.889,2,1,4,0,0
2023-01-26,5217.58,5764.15,6983.42,1082.79,2022.3,6506.304285714286,5917.840333333333,3,1,4,0,0
2023-01-27,9123.49,7019.18,7939.48,1090.56,3349.11,6428.222857142857,6055.666666666667,4,1,4,0,0
2023-01-28,7814.05,5082.78,8676.78,797.21,3943.48,6728.838571428571,6323.431,5,1,4,1,0
2023-01-29,5762.73,5605.01,4219.48,1455.85,3251.91,7119.0199999999995,6557.325666666667,6,1,4,1,0
2023-01-30,6102.38,6825.81,7488.44,758.97,1718.54,7141.551428571429,6700.888333333333,0,1,5,0,0
2023-01-31,6857.32,7619.68,7406.18,6430.56,1628.36,7038.204285714286,6879.0019999999995,1,1,5,0,0
2023-02-01,5584.3,7627.5199999999995,5014.99,6975.59,1788.58,6929.295714285714,6893.227333333333,2,2,5,0,0
2023-02-02,6094.85,5217.58,5764.15,8375.67,1161.1399999999999,6637.407142857142,6846.851,3,2,5,0,0
2023-02-03,5130.37,9123.49,7019.18,7874.39,2528.16,6762.731428571429,6770.823666666666,4,2,5,0,0
2023-02-04,5720.16,7814.05,5082.78,6892.76,2196.68,6192.285714285715,6679.356333333333,5,2,5,1,0
2023-02-05,6719.91,5762.73,5605.01,6856.12,1578.7,5893.158571428571,6640.269666666666,6,2,5,1,0
2023-02-06,7011.86,6102.38,6825.81,6830.57,1326.76,6029.898571428572,6635.729333333334,0,2,6,0,0
2023-02-07,7329.49,6857.32,7619.68,6294.03,1006.14,6159.824285714286,6641.772333333332,1,2,6,0,0
2023-02-08,7465.4,5584.3,7627.5199999999995,5879.62,1014.88,6227.277142857143,6676.287666666666,2,2,6,0,0
2023-02-09,6077.81,6094.85,5217.58,8617.93,900.4300000000001,6496.005714285714,6729.147,3,2,6,0,0
2023-02-10,8010.03,5130.37,9123.49,8049.6900000000005,1044.47,6493.571428571428,6644.476333333334,4,2,6,0,0
2023-02-11,5359.9,5720.16,7814.05,6983.42,2190.77,6904.951428571428,6643.154333333334,5,2,6,1,0
2023-02-12,5987.58,6719.91,5762.73,7939.48,837.16,6853.4857142857145,6589.036999999999,6,2,6,1,0
2023-02-13,8736.53,7011.86,6102.38,8676.78,1817.76,6748.867142857142,6523.973666666667,0,2,7,0,0
2023-02-14,8044.96,7329.49,6857.32,4219.48,1344.8799999999999,6995.248571428571,6525.9653333333345,1,2,7,0,0
2023-02-15,6139.94,7465.4,5584.3,7488.44,1494.58,7097.458571428571,6653.481333333333,2,2,7,0,0
2023-02-16,6911.41,6077.81,6094.85,7406.18,993.24,6908.107142857143,6608.531333333333,3,2,7,0,0
2023-02-17,6736.39,8010.03,5130.37,5014.99,1634.7,7027.192857142857,6592.039000000001,4,2,7,0,0
2023-02-18,6785.65,5359.9,5720.16,5764.15,1913.78,6845.244285714286,6649.419,5,2,7,1,0
2023-02-19,10060.66,5987.58,6719.91,7019.18,1658.33,7048.922857142857,6683.468999999999,6,2,7,1,0
2023-02-20,7278.32,8736.53,7011.86,5082.78,745.54,7630.791428571428,6784.8516666666665,0,2,8,0,0
2023-02-21,6017.09,8044.96,7329.49,5605.01,1452.0,7422.475714285714,6858.0363333333335,1,2,8,0,0
2023-02-22,6896.17,6139.94,7465.4,6825.81,926.5,7132.78,6871.772333333333,2,2,8,0,0
2023-02-23,5842.13,6911.41,6077.81,7619.68,1007.36,7240.812857142856,6874.117666666667,3,2,8,0,0
2023-02-24,4989.14,6736.39,8010.03,7627.5199999999995,1478.98,7088.058571428572,6814.865999999999,4,2,8,0,0
2023-02-25,5868.12,6785.65,5359.9,5217.58,1082.79,6838.4514285714295,6726.92,5,2,8,1,0
2023-02-26,5238.93,10060.66,5987.58,9123.49,1090.56,6707.375714285714,6748.604666666666,6,2,8,1,0
2023-02-27,5517.57,7278.32,8736.53,7814.05,797.21,6018.557142857143,6619.119333333333,0,2,9,0,0
2023-02-28,6890.7300000000005,6017.09,8044.96,5762.73,1455.85,5767.021428571429,6542.570000000001,1,2,9,0,0
2023-03-01,4296.74,6896.17,6139.94,6102.38,758.97,5891.827142857143,6580.17,2,3,9,0,0
2023-03-02,3318.27,5842.13,6911.41,6857.32,6430.56,5520.4800000000005,6519.982,3,3,9,0,0
2023-03-03,5823.51,4989.14,6736.39,5584.3,6975.59,5159.928571428572,6402.013666666666,4,3,9,0,0
2023-03-04,5656.96,5868.12,6785.65,6094.85,8375.67,5279.124285714285,6409.9873333333335,5,3,9,1,0
2023-03-05,4452.49,5238.93,10060.66,5130.37,7874.39,5248.958571428571,6395.391,6,3,9,1,0
2023-03-06,3806.1299999999997,5517.57,7278.32,5720.16,6892.76,5136.61,6372.795,0,3,10,0,0
2023-03-07,3914.02,6890.7300000000005,6017.09,6719.91,6856.12,4892.118571428572,6308.994000000001,1,3,10,0,0
2023-03-08,3071.98,4296.74,6896.17,7011.86,6830.57,4466.874285714285,6215.464333333333,2,3,10,0,0
2023-03-09,4406.84,3318.27,5842.13,7329.49,6294.03,4291.908571428571,6084.135,3,3,10,0,0
2023-03-10,4937.7699999999995,5823.51,4989.14,7465.4,5879.62,4447.418571428571,5986.713333333334,4,3,10,0,0
2023-03-11,4615.9,5656.96,5868.12,6077.81,8617.93,4320.884285714285,5902.459,5,3,10,1,0
2023-03-12,3267.68,4452.49,5238.93,8010.03,8049.6900000000005,4172.161428571429,5853.728666666666,6,3,10,1,0
2023-03-13,4124.95,3806.1299999999997,5517.57,5359.9,6983.42,4002.902857142857,5695.650333333333,0,3,11,0,0
2023-03-14,3456.46,3914.02,6890.7300000000005,5987.58,7939.48,4048.4485714285715,5654.485333333333,1,3,11,0,0
2023-03-15,3868.46,3071.98,4296.74,8736.53,8676.78,3983.0828571428574,5570.114666666666,2,3,11,0,0
2023-03-16,5890.33,4406.84,3318.27,8044.96,4219.48,4096.865714285715,5407.845666666666,3,3,11,0,0
2023-03-17,5734.62,4937.7699999999995,5823.51,6139.94,7488.44,4308.792857142857,5336.024666666666,4,3,11,0,0
2023-03-18,5079.1,4615.9,5656.96,6911.41,7406.18,4422.628571428571,5322.513999999999,5,3,11,1,0
2023-03-19,5192.03,3267.68,4452.49,6736.39,5014.99,4488.8,5261.437,6,3,11,1,0
2023-03-20,4717.7699999999995,4124.95,3806.1299999999997,6785.65,5764.15,4763.707142857143,5209.958333333333,0,3,12,0,0
2023-03-21,7895.88,3456.46,3914.02,10060.66,7019.18,4848.395714285715,5141.0289999999995,1,3,12,0,0
2023-03-22,4908.6,3868.46,3071.98,7278.32,5082.78,5482.598571428572,5068.8696666666665,2,3,12,0,0
2023-03-23,5161.59,5890.33,4406.84,6017.09,5605.01,5631.1900000000005,4989.879,3,3,12,0,0
2023-03-24,5015.35,5734.62,4937.7699999999995,6896.17,6825.81,5527.084285714285,4961.3623333333335,4,3,12,0,0
2023-03-25,4631.68,5079.1,4615.9,5842.13,7619.68,5424.33142857143,4898.668333333333,5,3,12,1,0
2023-03-26,5491.6,5192.03,3267.68,4989.14,7627.5199999999995,5360.414285714285,4858.320000000001,6,3,12,1,0
2023-03-27,7991.6,4717.7699999999995,4124.95,5868.12,5217.58,5403.21,4875.068666666667,0,3,13,0,0
2023-03-28,7370.58,7895.88,3456.46,5238.93,9123.49,5870.900000000001,4945.851333333334,1,3,13,0,0
2023-03-29,4344.13,4908.6,3868.46,5517.57,7814.05,5795.857142857143,5016.906333333333,2,3,13,0,0
2023-03-30,6185.81,5161.59,5890.33,6890.7300000000005,5762.73,5715.2185714285715,4977.791666666667,3,3,13,0,0
2023-03-31,3222.14,5015.35,5734.62,4296.74,6102.38,5861.535714285715,4954.294333333333,4,3,13,0,0
2023-04-01,4592.98,4631.68,5079.1,3318.27,6857.32,5605.362857142857,4918.474333333334,5,4,13,1,0
2023-04-02,5131.19,5491.6,5192.03,5823.51,5584.3,5599.834285714285,4960.964666666667,6,4,13,1,0
2023-04-03,5800.41,7991.6,4717.7699999999995,5656.96,6094.85,5548.347142857143,4937.887333333333,0,4,14,0,0
2023-04-04,4039.84,7370.58,7895.88,4452.49,5130.37,5235.32,4942.669,1,4,14,0,0
2023-04-05,3172.09,4344.13,4908.6,3806.1299999999997,5720.16,4759.5,4928.914,2,4,14,0,0
2023-04-06,4377.88,6185.81,5161.59,3914.02,6719.91,4592.065714285714,4907.779333333333,3,4,14,0,0
2023-04-07,4335.03,3222.14,5015.35,3071.98,7011.86,4333.79,4923.241333333333,4,4,14,0,0
2023-04-08,4346.32,4592.98,4631.68,4406.84,7329.49,4492.774285714286,4965.342999999999,5,4,14,1,0
2023-04-09,4914.62,5131.19,5491.6,4937.7699999999995,7465.4,4457.5371428571425,4963.325666666667,6,4,14,1,0
2023-04-10,5045.85,5800.41,7991.6,4615.9,6077.81,4426.598571428572,4962.554,0,4,15,0,0
2023-04-11,4339.73,4039.84,7370.58,3267.68,8010.03,4318.8042857142855,4976.885666666667,1,4,15,0,0
2023-04-12,3903.4,3172.09,4344.13,4124.95,5359.9,4361.645714285714,5012.620666666668,2,4,15,0,0
2023-04-13,5181.0,4377.88,6185.81,3456.46,5987.58,4466.118571428572,5005.2356666666665,3,4,15,0,0
2023-04-14,4524.61,4335.03,3222.14,3868.46,8736.53,4580.849999999999,5062.720333333334,4,4,15,0,0
2023-04-15,5253.42,4346.32,4592.98,5890.33,8044.96,4607.932857142857,5084.592,5,4,15,1,0
2023-04-16,3607.93,4914.62,5131.19,5734.62,6139.94,4737.518571428571,5063.361666666667,6,4,15,1,0
2023-04-17,3315.7200000000003,5045.85,5800.41,5079.1,6911.41,4550.848571428572,4992.472,0,4,16,0,0
2023-04-18,5244.67,4339.73,4039.84,5192.03,6736.39,4303.687142857142,4933.692666666667,1,4,16,0,0
2023-04-19,5389.53,3903.4,3172.09,4717.7699999999995,6785.65,4432.964285714285,4935.4473333333335,2,4,16,0,0
2023-04-20,4668.66,5181.0,4377.88,7895.88,10060.66,4645.268571428571,4957.839333333334,3,4,16,0,0
2023-04-21,4049.65,4524.61,4335.03,4908.6,7278.32,4572.0771428571425,4850.265333333334,4,4,16,0,0
2023-04-22,4771.96,5253.42,4346.32,5161.59,6017.09,4504.225714285714,4821.633666666667,5,4,16,1,0
2023-04-23,3693.2599999999998,3607.93,4914.62,5015.35,6896.17,4435.4457142857145,4808.646,6,4,16,1,0
2023-04-24,6442.27,3315.7200000000003,5045.85,4631.68,5842.13,4447.635714285714,4764.576333333333,0,4,17,0,0
2023-04-25,3860.6,5244.67,4339.73,5491.6,4989.14,4894.285714285715,4824.9293333333335,1,4,17,0,0
2023-04-26,4604.59,5389.53,3903.4,7991.6,5868.12,4696.561428571428,4770.562666666667,2,4,17,0,0
2023-04-27,5183.75,4668.66,5181.0,7370.58,5238.93,4584.427142857143,4657.662333333333,3,4,17,0,0
2023-04-28,3559.16,4049.65,4524.61,4344.13,5517.57,4658.011428571429,4584.768,4,4,17,0,0
2023-04-29,5601.05,4771.96,5253.42,6185.81,6890.7300000000005,4587.941428571428,4558.602333333333,5,4,17,1,0
2023-04-30,4719.28,3693.2599999999998,3607.93,3222.14,4296.74,4706.382857142858,4539.110333333333,6,4,17,1,0
2023-05-01,5865.8,6442.27,3315.7200000000003,4592.98,3318.27,4852.9571428571435,4589.014999999999,0,5,18,0,0
2023-05-02,4391.86,3860.6,5244.67,5131.19,5823.51,4770.604285714285,4631.442333333334,1,5,18,0,0
2023-05-03,4354.47,4604.59,5389.53,5800.41,5656.96,4846.498571428571,4606.798,2,5,18,0,0
2023-05-04,4432.5199999999995,5183.75,4668.66,4039.84,4452.49,4810.767142857143,4558.6,3,5,18,0,0
2023-05-05,6389.59,3559.16,4049.65,3172.09,3806.1299999999997,4703.448571428571,4571.689333333333,4,5,18,0,0
2023-05-06,4893.84,5601.05,4771.96,4377.88,3914.02,5107.795714285714,4678.939333333334,5,5,18,1,0
2023-05-07,5988.05,4719.28,3693.2599999999998,4335.03,3071.98,5006.765714285714,4696.138000000001,6,5,18,1,0
2023-05-08,7138.04,5865.8,6442.27,4346.32,4406.84,5188.018571428572,4751.238666666667,0,5,19,0,0
2023-05-09,8417.79,4391.86,3860.6,4914.62,4937.7699999999995,5369.767142857142,4844.296,1,5,19,0,0
2023-05-10,4488.67,4354.47,4604.59,5045.85,4615.9,5944.900000000001,4961.068333333334,2,5,19,0,0
2023-05-11,5743.56,4432.5199999999995,5183.75,4339.73,3267.68,5964.071428571428,4942.495666666667,3,5,19,0,0
2023-05-12,6204.3099999999995,6389.59,3559.16,3903.4,4124.95,6151.362857142857,4989.289999999999,4,5,19,0,0
2023-05-13,4677.47,4893.84,5601.05,5181.0,3456.46,6124.894285714285,5065.986999999999,5,5,19,1,0
2023-05-14,6274.55,5988.05,4719.28,4524.61,3868.46,6093.984285714286,5049.202666666666,6,5,19,1,0
2023-05-15,5781.19,7138.04,5865.8,5253.42,5890.33,6134.912857142857,5107.534000000001,0,5,20,0,0
2023-05-16,4044.08,8417.79,4391.86,3607.93,5734.62,5941.077142857144,5125.126333333334,1,5,20,0,0
2023-05-17,6312.09,4488.67,4354.47,3315.7200000000003,5079.1,5316.261428571428,5139.664666666667,2,5,20,0,0
2023-05-18,6904.33,5743.56,4432.5199999999995,5244.67,5192.03,5576.75,5239.5436666666665,3,5,20,0,0
2023-05-19,5276.77,6204.3099999999995,6389.59,5389.53,4717.7699999999995,5742.574285714286,5294.865666666667,4,5,20,0,0
2023-05-20,4739.76,4677.47,4893.84,4668.66,7895.88,5610.068571428572,5291.107,5,5,20,1,0
2023-05-21,6018.13,6274.55,5988.05,4049.65,4908.6,5618.967142857144,5293.477,6,5,20,1,0
2023-05-22,3988.16,5781.19,7138.04,4771.96,5161.59,5582.335714285714,5359.093,0,5,21,0,0
2023-05-23,5589.55,4044.08,8417.79,3693.2599999999998,5015.35,5326.188571428573,5332.966333333333,1,5,21,0,0
2023-05-24,5881.71,6312.09,4488.67,6442.27,4631.68,5546.97,5396.176,2,5,21,0,0
2023-05-25,6658.29,6904.33,5743.56,3860.6,5491.6,5485.487142857142,5377.490666666667,3,5,21,0,0
2023-05-26,6479.41,5276.77,6204.3099999999995,4604.59,7991.6,5450.338571428571,5470.747,4,5,21,0,0
2023-05-27,7431.83,4739.76,4677.47,5183.75,7370.58,5622.144285714286,5533.241,5,5,21,1,0
2023-05-28,5253.65,6018.13,6274.55,3559.16,4344.13,6006.725714285714,5608.177,6,5,21,1,0
2023-05-29,8180.88,3988.16,5781.19,5601.05,6185.81,5897.5142857142855,5664.66,0,5,22,0,0
2023-05-30,7047.75,5589.55,4044.08,4719.28,3222.14,6496.4742857142855,5750.654333333334,1,5,22,0,0
2023-05-31,6489.35,5881.71,6312.09,5865.8,4592.98,6704.788571428571,5828.27,2,5,22,0,0
2023-06-01,4708.1,6658.29,6904.33,4391.86,5131.19,6791.594285714285,5849.054999999999,3,6,22,0,0
2023-06-02,4690.93,6479.41,5276.77,4354.47,5800.41,6512.995714285715,5859.596333333334,4,6,22,0,0
2023-06-03,5594.35,7431.83,4739.76,4432.5199999999995,4039.84,6257.498571428572,5870.8116666666665,5,6,22,1,0
2023-06-04,5802.11,5253.65,6018.13,6389.59,3172.09,5995.001428571429,5909.539333333334,6,6,22,1,0
2023-06-05,5028.23,8180.88,3988.16,4893.84,4377.88,6073.352857142857,5889.956666666666,0,6,23,0,0
2023-06-06,4304.43,7047.75,5589.55,5988.05,4335.03,5622.9742857142855,5894.436333333333,1,6,23,0,0
2023-06-07,6745.62,6489.35,5881.71,7138.04,4346.32,5231.071428571428,5838.315666666666,2,6,23,0,0
2023-06-08,5044.77,4708.1,6658.29,8417.79,4914.62,5267.681428571428,5825.235,3,6,23,0,0
2023-06-09,6077.54,4690.93,6479.41,4488.67,5045.85,5315.777142857143,5712.801,4,6,23,0,0
2023-06-10,5553.63,5594.35,7431.83,5743.56,4339.73,5513.864285714286,5765.763333333333,5,6,23,1,0
2023-06-11,4995.57,5802.11,5253.65,6204.3099999999995,3903.4,5508.047142857143,5759.432333333333,6,6,23,1,0
2023-06-12,4627.16,5028.23,8180.88,4677.47,5181.0,5392.827142857143,5719.1410000000005,0,6,24,0,0
2023-06-13,5025.55,4304.43,7047.75,6274.55,4524.61,5335.5314285714285,5717.464000000001,1,6,24,0,0
2023-06-14,6643.17,6745.62,6489.35,5781.19,5253.42,5438.5485714285705,5675.830666666666,2,6,24,0,0
2023-06-15,4893.9,5044.77,4708.1,4044.08,3607.93,5423.912857142857,5704.5633333333335,3,6,24,0,0
2023-06-16,4700.62,6077.54,4690.93,6312.09,3315.7200000000003,5402.360000000001,5732.890666666667,4,6,24,0,0
2023-06-17,6113.61,5553.63,5594.35,6904.33,5244.67,5205.657142857142,5679.175,5,6,24,1,0
2023-06-18,5872.98,4995.57,5802.11,5276.77,5389.53,5285.654285714286,5652.817666666667,6,6,24,1,0
2023-06-19,5606.82,4627.16,5028.23,4739.76,4668.66,5410.998571428571,5672.691333333333,0,6,25,0,0
2023-06-20,5157.13,5025.55,4304.43,6018.13,4049.65,5550.949999999999,5701.593333333333,1,6,25,0,0
2023-06-21,5241.64,6643.17,6745.62,3988.16,4771.96,5569.747142857143,5672.8933333333325,2,6,25,0,0
2023-06-22,3756.39,4893.9,5044.77,5589.55,3693.2599999999998,5369.528571428571,5714.676,3,6,25,0,0
2023-06-23,5148.44,4700.62,6077.54,5881.71,6442.27,5207.027142857142,5653.5706666666665,4,6,25,0,0
2023-06-24,5268.06,6113.61,5553.63,6658.29,3860.6,5271.001428571428,5629.128333333333,5,6,25,1,0
2023-06-25,9591.32,5872.98,4995.57,6479.41,4604.59,5150.208571428571,5582.787333333333,6,6,25,1,0
2023-06-26,8105.95,5606.82,4627.16,7431.83,5183.75,5681.400000000001,5686.517666666667,0,6,26,0,0
2023-06-27,8050.23,5157.13,5025.55,5253.65,3559.16,6038.418571428571,5708.988333333333,1,6,26,0,0
2023-06-28,5632.93,5241.64,6643.17,8180.88,5601.05,6451.7185714285715,5802.207666666667,2,6,26,0,0
2023-06-29,5034.82,3756.39,4893.9,7047.75,4719.28,6507.617142857142,5717.276,3,6,26,0,0
2023-06-30,5560.69,5148.44,4700.62,6489.35,5865.8,6690.25,5650.178333333333,4,6,26,0,0
2023-07-01,7022.99,5268.06,6113.61,4708.1,4391.86,6749.142857142857,5619.223,5,7,26,1,0
2023-07-02,5401.29,9591.32,5872.98,4690.93,4354.47,6999.847142857143,5696.3859999999995,6,7,26,1,0
2023-07-03,4605.53,8105.95,5606.82,5594.35,4432.5199999999995,6401.271428571429,5720.064666666667,0,7,27,0,0
2023-07-04,6369.27,8050.23,5157.13,5802.11,6389.59,5901.211428571429,5687.104,1,7,27,0,0
2023-07-05,6081.94,5632.93,5241.64,5028.23,4893.84,5661.074285714285,5706.009333333333,2,7,27,0,0
2023-07-06,4935.2,5034.82,3756.39,4304.43,5988.05,5725.2185714285715,5741.133,3,7,27,0,0
2023-07-07,5037.02,5560.69,5148.44,6745.62,7138.04,5710.987142857142,5762.158666666667,4,7,27,0,0
2023-07-08,6944.91,7022.99,5268.06,5044.77,8417.79,5636.177142857144,5705.205333333333,5,7,27,1,0
2023-07-09,6203.22,5401.29,9591.32,6077.54,4488.67,5625.022857142857,5768.543333333333,6,7,27,1,0
2023-07-10,5405.36,4605.53,8105.95,5553.63,5743.56,5739.584285714285,5772.732666666667,0,7,28,0,0
2023-07-11,5740.38,6369.27,8050.23,4995.57,6204.3099999999995,5853.845714285714,5767.790333333334,1,7,28,0,0
2023-07-12,6898.3,6081.94,5632.93,4627.16,4677.47,5764.004285714285,5792.617333333333,2,7,28,0,0
2023-07-13,5161.99,4935.2,5034.82,5025.55,6274.55,5880.627142857143,5868.322,3,7,28,0,0
2023-07-14,3474.31,5037.02,5560.69,6643.17,5781.19,5913.0257142857145,5872.87,4,7,28,0,0
2023-07-15,5448.98,6944.91,7022.99,4893.9,4044.08,5689.7814285714285,5767.241333333333,5,7,28,1,0
2023-07-16,4169.7300000000005,6203.22,5401.29,4700.62,6312.09,5476.077142857143,5785.744000000001,6,7,28,1,0
2023-07-17,5550.24,5405.36,4605.53,6113.61,6904.33,5185.578571428572,5768.047666666666,0,7,29,0,0
2023-07-18,4373.74,5740.38,6369.27,5872.98,5276.77,5206.2757142857145,5749.268666666667,1,7,29,0,0
2023-07-19,6222.85,6898.3,6081.94,5606.82,4739.76,5011.041428571429,5699.294,2,7,29,0,0
2023-07-20,5822.53,5161.99,4935.2,5157.13,6018.13,4914.5485714285705,5719.828333333334,3,7,29,0,0
2023-07-21,4511.74,3474.31,5037.02,5241.64,3988.16,5008.9114285714295,5742.008333333333,4,7,29,0,0
2023-07-22,5027.29,5448.98,6944.91,3756.39,5589.55,5157.115714285714,5717.678333333333,5,7,29,1,0
2023-07-23,5326.16,4169.7300000000005,6203.22,5148.44,5881.71,5096.874285714286,5760.041666666667,6,7,29,1,0
2023-07-24,5435.3,5550.24,5405.36,5268.06,6658.29,5262.078571428572,5765.965666666667,0,7,30,0,0
2023-07-25,6603.38,4373.74,5740.38,9591.32,6479.41,5245.658571428571,5771.540333333333,1,7,30,0,0
2023-07-26,3703.82,6222.85,6898.3,8105.95,7431.83,5564.178571428572,5671.942333333333,2,7,30,0,0
2023-07-27,4115.49,5822.53,5161.99,8050.23,5253.65,5204.317142857143,5525.204666666667,3,7,30,0,0
2023-07-28,7247.58,4511.74,3474.31,5632.93,8180.88,4960.454285714286,5394.046666666666,4,7,30,0,0
2023-07-29,4154.82,5027.29,5448.98,5034.82,7047.75,5351.288571428572,5447.868333333334,5,7,30,1,0
2023-07-30,4156.84,5326.16,4169.7300000000005,5560.69,6489.35,5226.650000000001,5418.535,6,7,30,1,0
2023-07-31,7307.98,5435.3,5550.24,7022.99,4708.1,5059.604285714287,5371.74,0,7,31,0,0
2023-08-01,5579.67,6603.38,4373.74,5401.29,4690.93,5327.129999999999,5381.239666666666,1,8,31,0,0
2023-08-02,4555.5199999999995,3703.82,6222.85,4605.53,5594.35,5180.885714285714,5387.185666666667,2,8,31,0,0
2023-08-03,6505.17,4115.49,5822.53,6369.27,5802.11,5302.557142857143,5385.518666666667,3,8,31,0,0
2023-08-04,7294.43,7247.58,4511.74,6081.94,5028.23,5643.9400000000005,5390.0486666666675,4,8,31,0,0
2023-08-05,7194.58,4154.82,5027.29,4935.2,4304.43,5650.632857142858,5430.465,5,8,31,1,0
2023-08-06,4625.48,4156.84,5326.16,5037.02,6745.62,6084.884285714286,5505.777666666666,6,8,31,1,0
2023-08-07,5459.84,7307.98,5435.3,6944.91,5044.77,6151.8328571428565,5492.059666666667,0,8,32,0,0
2023-08-08,2954.01,5579.67,6603.38,6203.22,6077.54,5887.812857142858,5442.557333333333,1,8,32,0,0
2023-08-09,6833.71,4555.5199999999995,3703.82,5405.36,5553.63,5512.718571428572,5334.250333333333,2,8,32,0,0
2023-08-10,6764.75,6505.17,4115.49,5740.38,4995.57,5838.174285714286,5381.862,3,8,32,0,0
2023-08-11,5700.33,7294.43,7247.58,6898.3,4627.16,5875.257142857144,5416.007666666667,4,8,32,0,0
2023-08-12,3642.46,7194.58,4154.82,5161.99,5025.55,5647.528571428571,5376.075333333332,5,8,32,1,0
2023-08-13,4066.51,4625.48,4156.84,3474.31,6643.17,5140.082857142857,5325.424333333333,6,8,32,1,0
2023-08-14,5624.07,5459.84,7307.98,5448.98,4893.9,5060.2300000000005,5345.164333333333,0,8,33,0,0
2023-08-15,4449.2,2954.01,5579.67,4169.7300000000005,4700.62,5083.691428571428,5351.000666666666,1,8,33,0,0
2023-08-16,6918.02,6833.71,4555.5199999999995,5550.24,6113.61,5297.29,5360.316333333334,2,8,33,0,0
2023-08-17,6336.89,6764.75,6505.17,4373.74,5872.98,5309.334285714286,5405.909,3,8,33,0,0
2023-08-18,4842.58,5700.33,7294.43,6222.85,5606.82,5248.211428571429,5471.347333333334,4,8,33,0,0
2023-08-19,5776.58,3642.46,7194.58,5822.53,5157.13,5125.675714285715,5425.338333333333,5,8,33,1,0
2023-08-20,5758.99,4066.51,4625.48,4511.74,5241.64,5430.55,5423.806666666666,6,8,33,1,0
2023-08-21,6418.42,5624.07,5459.84,5027.29,3756.39,5672.332857142857,5465.381666666667,0,8,34,0,0
2023-08-22,5952.95,4449.2,2954.01,5326.16,5148.44,5785.811428571428,5511.752666666666,1,8,34,0,0
2023-08-23,7581.7699999999995,6918.02,6833.71,5435.3,5268.06,6000.632857142858,5532.645666666666,2,8,34,0,0
2023-08-24,6765.95,6336.89,6764.75,6603.38,9591.32,6095.454285714286,5604.194666666666,3,8,34,0,0
2023-08-25,4595.21,4842.58,5700.33,3703.82,8105.95,6156.748571428571,5609.613666666667,4,8,34,0,0
2023-08-26,3530.03,5776.58,3642.46,4115.49,8050.23,6121.409999999999,5639.326666666666,5,8,34,1,0
2023-08-27,4853.16,5758.99,4066.51,7247.58,5632.93,5800.4742857142855,5619.811333333333,6,8,34,1,0
2023-08-28,3774.64,6418.42,5624.07,4154.82,5034.82,5671.07,5539.997333333333,0,8,35,0,0
2023-08-29,5773.61,5952.95,4449.2,4156.84,5560.69,5293.387142857143,5527.324666666667,1,8,35,0,0
2023-08-30,5446.82,7581.7699999999995,6918.02,7307.98,7022.99,5267.767142857143,5581.217000000001,2,8,35,0,0
2023-08-31,6008.33,6765.95,6336.89,5579.67,5401.29,4962.774285714286,5519.178333333333,3,8,35,0,0
2023-09-01,5998.22,4595.21,4842.58,4555.5199999999995,4605.53,4854.542857142857,5533.467,4,9,35,0,0
2023-09-02,6436.65,3530.03,5776.58,6505.17,6369.27,5054.972857142857,5581.557,5,9,35,1,0
2023-09-03,5829.58,4853.16,5758.99,7294.43,6081.94,5470.204285714286,5579.272999999999,6,9,35,1,0
2023-09-04,5617.09,3774.64,6418.42,7194.58,4935.2,5609.692857142857,5530.444666666666,0,9,36,0,0
2023-09-05,3850.52,5773.61,5952.95,4625.48,5037.02,5872.900000000001,5477.861666666667,1,9,36,0,0
2023-09-06,8159.44,5446.82,7581.7699999999995,5459.84,6944.91,5598.172857142857,5452.029666666666,2,9,36,0,0
2023-09-07,4985.95,6008.33,6765.95,2954.01,6203.22,5985.6900000000005,5542.016333333333,3,9,36,0,0
2023-09-08,6529.04,5998.22,4595.21,6833.71,5405.36,5839.635714285714,5609.747666666666,4,9,36,0,0
2023-09-09,7229.51,6436.65,3530.03,6764.75,5740.38,5915.467142857143,5599.592000000001,5,9,36,1,0
2023-09-10,5975.41,5829.58,4853.16,5700.33,6898.3,6028.732857142857,5615.084,6,9,36,1,0
2023-09-11,4357.34,5617.09,3774.64,3642.46,5161.99,6049.565714285715,5624.253333333333,0,9,37,0,0
2023-09-12,6187.2699999999995,3850.52,5773.61,4066.51,3474.31,5869.601428571428,5648.082666666666,1,9,37,0,0
2023-09-13,5490.87,8159.44,5446.82,5624.07,5448.98,6203.422857142857,5718.774666666667,2,9,37,0,0
2023-09-14,6912.45,4985.95,6008.33,4449.2,4169.7300000000005,5822.198571428571,5714.334666666667,3,9,37,0,0
2023-09-15,5924.4400000000005,6529.04,5998.22,6918.02,5550.24,6097.412857142857,5796.442999999999,4,9,37,0,0
2023-09-16,5199.68,7229.51,6436.65,6336.89,4373.74,6011.041428571429,5763.323666666666,5,9,37,1,0
2023-09-17,6198.1,5975.41,5829.58,4842.58,6222.85,5721.065714285714,5725.416666666667,6,9,37,1,0
2023-09-18,7789.48,4357.34,5617.09,5776.58,5822.53,5752.878571428571,5770.600666666666,0,9,38,0,0
2023-09-19,4904.27,6187.2699999999995,3850.52,5758.99,4511.74,6243.184285714286,5837.6973333333335,1,9,38,0,0
2023-09-20,7894.26,5490.87,8159.44,6418.42,5027.29,6059.898571428572,5809.206666666666,2,9,38,0,0
2023-09-21,7265.88,6912.45,4985.95,5952.95,5326.16,6403.24,5858.401333333333,3,9,38,0,0
2023-09-22,8170.06,5924.4400000000005,6529.04,7581.7699999999995,5435.3,6453.7300000000005,5902.165666666667,4,9,38,0,0
2023-09-23,5899.6,5199.68,7229.51,6765.95,6603.38,6774.532857142857,5921.775333333334,5,9,38,1,0
2023-09-24,3767.57,6198.1,5975.41,4595.21,3703.82,6874.521428571429,5892.897,6,9,38,1,0
2023-09-25,3393.89,7789.48,4357.34,3530.03,4115.49,6527.302857142858,5865.309,0,9,39,0,0
2023-09-26,5801.7699999999995,4904.27,6187.2699999999995,4853.16,7247.58,5899.361428571428,5860.771,1,9,39,0,0
2023-09-27,6637.12,7894.26,5490.87,3774.64,4154.82,6027.575714285716,5892.391333333333,2,9,39,0,0
2023-09-28,5999.97,7265.88,6912.45,5773.61,4156.84,5847.984285714286,5987.807333333333,3,9,39,0,0
2023-09-29,3320.03,8170.06,5924.4400000000005,5446.82,7307.98,5667.139999999999,5995.352666666668,4,9,39,0,0
2023-09-30,5753.29,5899.6,5199.68,6008.33,5579.67,4974.278571428571,5924.459666666667,5,9,39,1,0
2023-10-01,6354.08,3767.57,6198.1,5998.22,4555.5199999999995,4953.377142857143,5915.958333333333,6,10,39,1,0
2023-10-02,5149.55,3393.89,7789.48,6436.65,6505.17,5322.878571428571,5927.820333333334,0,10,40,0,0
2023-10-03,5189.3,5801.7699999999995,4904.27,5829.58,7294.43,5573.687142857144,5884.917,1,10,40,0,0
2023-10-04,5124.5,6637.12,7894.26,5617.09,7194.58,5486.191428571428,5863.574333333334,2,10,40,0,0
2023-10-05,4714.95,5999.97,7265.88,3850.52,4625.48,5270.102857142857,5847.154666666667,3,10,40,0,0
2023-10-06,4733.88,3320.03,8170.06,8159.44,5459.84,5086.528571428572,5875.969,4,10,40,0,0
2023-10-07,3532.87,5753.29,5899.6,4985.95,2954.01,5288.507142857144,5761.783666666667,5,10,40,1,0
2023-10-08,2933.7200000000003,6354.08,3767.57,6529.04,6833.71,4971.3042857142855,5713.347666666667,6,10,40,1,0
2023-10-09,6075.74,5149.55,3393.89,7229.51,6764.75,4482.681428571429,5593.5036666666665,0,10,41,0,0
2023-10-10,5316.46,5189.3,5801.7699999999995,5975.41,5700.33,4614.994285714286,5555.044666666667,1,10,41,0,0
2023-10-11,4990.6900000000005,5124.5,6637.12,4357.34,3642.46,4633.16,5533.079666666667,2,10,41,0,0
2023-10-12,4155.57,4714.95,5999.97,6187.2699999999995,4066.51,4614.044285714286,5554.191333333334,3,10,41,0,0
2023-10-13,4670.69,4733.88,3320.03,5490.87,5624.07,4534.132857142858,5486.467999999999,4,10,41,0,0
2023-10-14,3526.0,3532.87,5753.29,6912.45,4449.2,4525.105714285714,5459.1286666666665,5,10,41,1,0
2023-10-15,3927.07,2933.7200000000003,6354.08,5924.4400000000005,6918.02,4524.124285714286,5346.247,6,10,41,1,0
2023-10-16,3650.46,6075.74,5149.55,5199.68,6336.89,4666.0314285714285,5279.668000000001,0,10,42,0,0
2023-10-17,4862.71,5316.46,5189.3,6198.1,4842.58,4319.562857142858,5228.0273333333325,1,10,42,0,0
2023-10-18,3947.13,4990.6900000000005,5124.5,7789.48,5776.58,4254.7414285714285,5183.514333333334,2,10,42,0,0
2023-10-19,3538.83,4155.57,4714.95,4904.27,5758.99,4105.661428571429,5055.436,3,10,42,0,0
2023-10-20,3683.0099999999998,4670.69,4733.88,7894.26,6418.42,4017.555714285714,5009.921333333334,4,10,42,0,0
2023-10-21,3088.39,3526.0,3532.87,7265.88,5952.95,3876.4585714285713,4869.546333333334,5,10,42,1,0
2023-10-22,5560.83,3927.07,2933.7200000000003,8170.06,7581.7699999999995,3813.942857142857,4730.296666666666,6,10,42,1,0
2023-10-23,4143.28,3650.46,6075.74,5899.6,6765.95,4047.337142857142,4643.3223333333335,0,10,43,0,0
2023-10-24,4885.38,4862.71,5316.46,3767.57,4595.21,4117.74,4584.778333333334,1,10,43,0,0
2023-10-25,4253.78,3947.13,4990.6900000000005,3393.89,3530.03,4120.978571428571,4622.038666666665,2,10,43,0,0
2023-10-26,3806.07,3538.83,4155.57,5801.7699999999995,4853.16,4164.785714285715,4650.701666666666,3,10,43,0,0
2023-10-27,4306.16,3683.0099999999998,4670.69,6637.12,3774.64,4202.9628571428575,4584.178333333333,4,10,43,0,0
2023-10-28,3829.54,3088.39,3526.0,5999.97,5773.61,4291.984285714286,4506.479666666667,5,10,43,1,0
2023-10-29,4229.91,5560.83,3927.07,3320.03,5446.82,4397.862857142857,4434.132,6,10,43,1,0
2023-10-30,5224.36,4143.28,3650.46,5753.29,6008.33,4207.731428571428,4464.461333333334,0,10,44,0,0
2023-10-31,4431.44,4885.38,4862.71,6354.08,5998.22,4362.171428571428,4446.830333333333,1,10,44,0,0
2023-11-01,2635.94,4253.78,3947.13,5149.55,6436.65,4297.322857142857,4382.742333333334,2,11,44,0,0
2023-11-02,3312.33,3806.07,3538.83,5189.3,5829.58,4066.202857142857,4298.955333333333,3,11,44,0,0
2023-11-03,2581.05,4306.16,3683.0099999999998,5124.5,5617.09,3995.668571428571,4236.389666666667,4,11,44,0,0
2023-11-04,2630.38,3829.54,3088.39,4714.95,3850.52,3749.224285714285,4151.608,5,11,44,1,0
2023-11-05,2919.57,4229.91,5560.83,4733.88,8159.44,3577.9157142857143,4082.1223333333332,6,11,44,1,0
2023-11-06,3113.15,5224.36,4143.28,3532.87,4985.95,3390.7242857142855,4021.6453333333334,0,11,45,0,0
2023-11-07,1881.16,4431.44,4885.38,2933.7200000000003,6529.04,3089.1228571428574,4007.654666666667,1,11,45,0,0
2023-11-08,1975.73,2635.94,4253.78,6075.74,7229.51,2724.797142857143,3972.5693333333334,2,11,45,0,0
2023-11-09,1427.74,3312.33,3806.07,5316.46,5975.41,2630.4814285714283,3835.902333333333,3,11,45,0,0
2023-11-10,2699.92,2581.05,4306.16,4990.6900000000005,4357.34,2361.254285714286,3706.2783333333336,4,11,45,0,0
2023-11-11,2466.85,2630.38,3829.54,4155.57,6187.2699999999995,2378.2357142857145,3629.9193333333333,5,11,45,1,0
2023-11-12,1541.24,2919.57,4229.91,4670.69,5490.87,2354.874285714286,3573.6286666666665,6,11,45,1,0
2023-11-13,911.95,3113.15,5224.36,3526.0,6912.45,2157.9700000000003,3469.3136666666664,0,11,46,0,0
2023-11-14,2816.54,1881.16,4431.44,3927.07,5924.4400000000005,1843.5128571428572,3382.1786666666662,1,11,46,0,0
2023-11-15,1959.24,1975.73,2635.94,3650.46,5199.68,1977.1385714285714,3345.161,2,11,46,0,0
2023-11-16,3256.08,1427.74,3312.33,4862.71,6198.1,1974.782857142857,3288.787,3,11,46,0,0
2023-11-17,1477.57,2699.92,2581.05,3947.13,7789.48,2235.9742857142855,3235.2326666666663,4,11,46,0,0
2023-11-18,3048.89,2466.85,2630.38,3538.83,4904.27,2061.3528571428574,3152.9139999999998,5,11,46,1,0
2023-11-19,2592.36,1541.24,2919.57,3683.0099999999998,7894.26,2144.5014285714287,3136.5826666666667,6,11,46,1,0
2023-11-20,3586.11,911.95,3113.15,3088.39,7265.88,2294.6614285714286,3100.2276666666667,0,11,47,0,0
2023-11-21,2102.65,2816.54,1881.16,5560.83,8170.06,2676.684285714286,3116.8183333333336,1,11,47,0,0
2023-11-22,1866.62,1959.24,1975.73,4143.28,5899.6,2574.7000000000003,3001.5456666666664,2,11,47,0,0
2023-11-23,2500.73,3256.08,1427.74,4885.38,3767.57,2561.468571428572,2925.657,3,11,47,0,0
2023-11-24,1393.98,1477.57,2699.92,4253.78,3393.89,2453.5614285714287,2846.1686666666665,4,11,47,0,0
2023-11-25,3027.92,3048.89,2466.85,3806.07,5801.7699999999995,2441.62,2750.8419999999996,5,11,47,1,0
2023-11-26,2360.54,2592.36,1541.24,4306.16,6637.12,2438.6242857142856,2724.9036666666666,6,11,47,1,0
2023-11-27,2994.68,3586.11,911.95,3829.54,5999.97,2405.5071428571428,2660.049666666667,0,11,48,0,0
2023-11-28,1899.9,2102.65,2816.54,4229.91,3320.03,2321.0171428571425,2632.2209999999995,1,11,48,0,0
2023-11-29,2281.46,1866.62,1959.24,5224.36,5753.29,2292.052857142857,2554.5540000000005,2,11,48,0,0
2023-11-30,2132.39,2500.73,3256.08,4431.44,6354.08,2351.315714285714,2456.4573333333333,3,11,48,0,0
2023-12-01,1293.1000000000001,1393.98,1477.57,2635.94,5149.55,2298.6957142857145,2379.822333333333,4,12,48,0,1
2023-12-02,814.79,3027.92,3048.89,3312.33,5189.3,2284.2842857142855,2335.061,5,12,48,1,1
2023-12-03,1969.89,2360.54,2592.36,2581.05,5124.5,1968.122857142857,2251.8096666666665,6,12,48,1,1
2023-12-04,1920.8999999999999,2994.68,3586.11,2630.38,4714.95,1912.3157142857144,2231.4376666666667,0,12,49,0,1
2023-12-05,1159.26,1899.9,2102.65,2919.57,4733.88,1758.9185714285716,2207.788333333333,1,12,49,0,1
2023-12-06,2940.73,2281.46,1866.62,3113.15,3532.87,1653.1128571428574,2149.1113333333333,2,12,49,0,1
2023-12-07,1314.6100000000001,2132.39,2500.73,1881.16,2933.7200000000003,1747.2942857142857,2143.364,3,12,49,0,1
2023-12-08,1312.55,1293.1000000000001,1393.98,1975.73,6075.74,1630.4685714285715,2124.4790000000003,4,12,49,0,1
2023-12-09,1725.8799999999999,814.79,3027.92,1427.74,5316.46,1633.2471428571428,2102.373,5,12,49,1,1
2023-12-10,1524.6100000000001,1969.89,2360.54,2699.92,4990.6900000000005,1763.402857142857,2112.311,6,12,49,1,1
2023-12-11,946.6899999999999,1920.8999999999999,2994.68,2466.85,4155.57,1699.7914285714285,2073.134,0,12,50,0,1
2023-12-12,1466.6,1159.26,1899.9,1541.24,4670.69,1560.6185714285714,2022.462,1,12,50,0,1
2023-12-13,800.25,2940.73,2281.46,911.95,3526.0,1604.5242857142857,2019.9739999999997,2,12,50,0,1
2023-12-14,1373.94,1314.6100000000001,2132.39,2816.54,3927.07,1298.7414285714287,2016.2506666666666,3,12,50,0,1
2023-12-15,1203.97,1312.55,1293.1000000000001,1959.24,3650.46,1307.217142857143,1968.164,4,12,50,0,1
2023-12-16,899.88,1725.8799999999999,814.79,3256.08,4862.71,1291.7057142857143,1942.9883333333335,5,12,50,1,1
2023-12-17,1445.85,1524.6100000000001,1969.89,1477.57,3947.13,1173.7057142857143,1864.4483333333333,6,12,50,1,1
2023-12-18,1311.57,946.6899999999999,1920.8999999999999,3048.89,3538.83,1162.4542857142856,1863.3909999999998,0,12,51,0,1
2023-12-19,1969.6200000000001,1466.6,1159.26,2592.36,3683.0099999999998,1214.58,1805.4803333333334,1,12,51,0,1
2023-12-20,500.22999999999996,800.25,2940.73,3586.11,3088.39,1286.44,1784.7223333333334,2,12,51,0,1
2023-12-21,1608.8700000000001,1373.94,1314.6100000000001,2102.65,5560.83,1243.58,1681.8596666666667,3,12,51,0,1
2023-12-22,1111.39,1203.97,1312.55,1866.62,4143.28,1277.1414285714286,1665.4003333333333,4,12,51,0,1
2023-12-23,990.48,899.88,1725.8799999999999,2500.73,4885.38,1263.9157142857143,1640.2259999999999,5,12,51,1,1
2023-12-24,1048.78,1445.85,1524.6100000000001,1393.98,4253.78,1276.8585714285714,1589.8843333333332,6,12,51,1,1
2023-12-25,683.05,1311.57,946.6899999999999,3027.92,3806.07,1220.1342857142859,1578.3776666666668,0,12,52,0,1
2023-12-26,885.64,1969.6200000000001,1466.6,2360.54,4306.16,1130.3457142857144,1500.2153333333333,1,12,52,0,1
2023-12-27,1115.8,500.22999999999996,800.25,2994.68,3829.54,975.4914285714285,1451.052,2,12,52,0,1
2023-12-28,1231.03,1608.8700000000001,1373.94,1899.9,4229.91,1063.43,1388.4226666666668,3,12,52,0,1
2023-12-29,1617.41,1111.39,1203.97,2281.46,5224.36,1009.4528571428572,1366.1270000000002,4,12,52,0,1
2023-12-30,1946.49,990.48,899.88,2132.39,4431.44,1081.7414285714287,1343.992,5,12,52,1,1
2023-12-31,1214.47,1048.78,1445.85,1293.1000000000001,2635.94,1218.314285714286,1337.795333333333,6,12,52,1,1
